data,deputy,link,assets
2017-03-28T00:00:00,Абдуллін Олександр Рафкатович,https://declarations.com.ua/declaration/nacp_9729aad7-e939-461d-a0ba-d48c3f7e097c,14 131 455  
2017-03-28T00:00:00,Агафонова Наталія Володимирівна,https://declarations.com.ua/declaration/nacp_676bbaa6-7506-464b-94c3-561315d9a207,2 095 196  
2017-03-29T00:00:00,Алексєєв Ігор Сергійович,https://declarations.com.ua/declaration/nacp_60270ec0-18aa-4706-9cbf-e0538dddcf77,613 879  
2017-03-31T00:00:00,Алєксєєв Сергій Олегович,https://declarations.com.ua/declaration/nacp_569df8b3-e859-4ce9-af53-62e6f821b911,39 093 206  
2017-03-30T00:00:00,Амельченко Василь Васильович,https://declarations.com.ua/declaration/nacp_4a0cbdbf-1e16-48dc-a099-9366ec7f532e,9 176 063  
2017-03-22T00:00:00,Андрієвський Дмитро Йосипович,https://declarations.com.ua/declaration/nacp_897ddad0-5348-4487-94da-099dced49811,31 015 027  
2017-04-05T00:00:00,Антонищак Андрій Федорович,https://declarations.com.ua/declaration/nacp_47ea4811-9188-4461-b814-f525cb1fec09,1 684 698  
2017-03-28T00:00:00,Арешонков Володимир Юрійович,https://declarations.com.ua/declaration/nacp_39f927ad-8f25-4662-8568-5630096e7951,599 858  
2017-03-16T00:00:00,Ар'єв Володимир Ігорович,https://declarations.com.ua/declaration/nacp_cb11fbaa-6f1d-4af1-af89-d8623f91c8a1,4 945 782  
2017-03-30T00:00:00,Артеменко Андрій Вікторович,https://declarations.com.ua/declaration/nacp_76aec2b6-a90b-46aa-b946-e3562c917864,1 111 281  
2017-03-29T00:00:00,Артюшенко Ігор Андрійович,https://declarations.com.ua/declaration/nacp_77f76f7e-1e97-42e0-8e34-53eac2a73686,382 022  
2017-03-31T00:00:00,Бабак Альона Валеріївна,https://declarations.com.ua/declaration/nacp_aad28684-c761-48df-96e2-a05987c0e1d8,3 717 891  
2017-03-21T00:00:00,Бабенко Валерій Борисович,https://declarations.com.ua/declaration/nacp_22cbafca-f7d1-482d-a5b3-ef91b97198b1,3 617 479  
2017-03-06T00:00:00,Бабій Юрій Юрійович,https://declarations.com.ua/declaration/nacp_bd06c188-0b47-4d4e-8375-732c39e6f996,11 545 341  
2017-03-30T00:00:00,Бакулін Євген Миколайович,https://declarations.com.ua/declaration/nacp_4c1ba447-7e0d-466d-95ca-9b0598569917,46 726 022  
2017-03-02T00:00:00,Бакуменко Олександр Борисович,https://declarations.com.ua/declaration/nacp_7c792f2f-2b58-4d43-9312-d6a1c4b9e90c,3 237 439  
2017-03-30T00:00:00,Балицький Євген Віталійович,https://declarations.com.ua/declaration/nacp_873247f8-7498-4460-8d3a-b3ea4e97f9e5,47 165 780  
2017-03-20T00:00:00,Балога Віктор Іванович,https://declarations.com.ua/declaration/nacp_97c8122e-d552-4c48-828a-5bfcbb4c0cb9,25 595 538  
2017-03-31T00:00:00,Балога Іван Іванович,https://declarations.com.ua/declaration/nacp_dcc19cb7-a281-4a1b-8f33-09c675315c40,48 697 382  
2017-03-20T00:00:00,Балога Павло Іванович,https://declarations.com.ua/declaration/nacp_fee7e479-4977-4f2c-a7da-1f75b3229742,48 929 228  
2017-04-05T00:00:00,Бандуров Володимир Володимирович,https://declarations.com.ua/declaration/nacp_b95f194b-5eba-465d-ad87-037baa41ee36,73 761 645  
2017-03-30T00:00:00,Барвіненко Віталій Дмитрович,https://declarations.com.ua/declaration/nacp_0c96f519-f6f9-4ed3-8cd3-133341407a93,24 830 779  
2017-03-31T00:00:00,Барна Олег Степанович,https://declarations.com.ua/declaration/nacp_15e0083f-a5b7-42c0-bb94-bfc41807376b,1 592 060  
2017-04-04T00:00:00,Батенко Тарас Іванович,https://declarations.com.ua/declaration/nacp_8c8ec8b5-2c46-4cd6-b1d1-22943b723f01,920 000  
2017-03-30T00:00:00,Бахтеєва Тетяна Дмитрівна,https://declarations.com.ua/declaration/nacp_dab01035-4956-4291-aaf5-c369da970d0e,2 623 392  
2017-03-29T00:00:00,Безбах Яків Якович,https://declarations.com.ua/declaration/nacp_b47a9e26-d89d-48e3-a900-2f11d2effd58,171 275  
2017-03-20T00:00:00,Бендюженко Федір Володимирович,https://declarations.com.ua/declaration/nacp_69bfaf2f-d4a5-4429-8bf8-29759accae6d,1 207 616  
2017-03-29T00:00:00,Береза Борислав Юхимович,https://declarations.com.ua/declaration/nacp_e016954e-9a58-4a95-ace5-b573f1b0e1f2,9 316 638  
2017-03-31T00:00:00,Береза Юрій Миколайович,https://declarations.com.ua/declaration/nacp_e6594ea6-8684-4c8e-884e-84bbcfb2dea4,0
2017-03-29T00:00:00,Березенко Сергій Іванович,https://declarations.com.ua/declaration/nacp_dba9ff65-86d3-4476-8ad1-9dadd476b669,5 886 578  
2017-03-31T00:00:00,Березкін Станіслав Семенович,https://declarations.com.ua/declaration/nacp_40142024-a704-429b-8c42-880105a915fd,21 612 817  
2017-03-31T00:00:00,Березюк Олег Романович,https://declarations.com.ua/declaration/nacp_0dbea80f-c077-4be2-b8ad-597c796c8f0e,231 246  
2017-03-30T00:00:00,Бєлькова Ольга Валентинівна,https://declarations.com.ua/declaration/nacp_8077d0f0-8066-4269-b146-ce11c472f532,5 504 188  
2017-03-30T00:00:00,Білецький Андрій Євгенійович,https://declarations.com.ua/declaration/nacp_10bc2ca1-d98b-451d-bfaa-e3cadf635769,250 000  
2017-03-31T00:00:00,Білий Іван Олександрович,https://declarations.com.ua/declaration/nacp_a4daa6b4-a26f-4dfe-93df-ef6905deb8eb,3 076 335  
2017-03-30T00:00:00,Білий Олексій Петрович,https://declarations.com.ua/declaration/nacp_909d2ec7-fd15-4a78-bae0-717c1069c2ee,9 247 856  
2017-03-29T00:00:00,Біловол Олександр Миколайович,https://declarations.com.ua/declaration/nacp_03f65209-c7ce-4739-b4df-4a27a51c1024,10 803 859  
2017-03-25T00:00:00,Білозір Оксана Володимирівна,https://declarations.com.ua/declaration/nacp_7396f429-6d3e-4c79-a658-639a4e1fc2f7,13 526 260  
2017-03-31T00:00:00,Білоцерковець Дмитро Олександрович,https://declarations.com.ua/declaration/nacp_1e158dc5-b148-4131-8748-3207e8bb0e64,2 722 531  
2017-03-29T00:00:00,Бобов Геннадій Борисович,https://declarations.com.ua/declaration/nacp_bcf4d6ac-d549-4dcb-81b1-d7726388b5cb,210 484 015  
2017-05-02T00:00:00,Богдан Руслан Дмитрович,https://declarations.com.ua/declaration/nacp_e61997e7-b177-454a-b238-b64935f6ce26,157 163 742  
2017-04-07T00:00:00,Богомолець Ольга Вадимівна,https://declarations.com.ua/declaration/nacp_5481dbbe-0fd1-4715-a40e-6f386390148b,28 358 049  
2017-03-07T00:00:00,Богуслаєв Вячеслав Олександрович,https://declarations.com.ua/declaration/nacp_60c1c2d7-8119-4571-a077-41067b72c936,781 168 749  
2017-03-29T00:00:00,Бойко Олена Петрівна,https://declarations.com.ua/declaration/nacp_b3adf489-78da-47d8-810f-9f8165d7952b,0
2017-03-28T00:00:00,Бойко Юрій Анатолійович,https://declarations.com.ua/declaration/nacp_86966592-5e1b-4108-9f66-505d0d02e803,40 999 328  
2017-03-30T00:00:00,Бондар Віктор Васильович,https://declarations.com.ua/declaration/nacp_3c5f81e6-6ec7-4524-88db-dd89db60689f,44 122 231  
2017-01-30T00:00:00,Бондар Михайло Леонтійович,https://declarations.com.ua/declaration/nacp_70d6f2f1-8862-40bb-a15f-9c72af4efab3,0
2017-03-30T00:00:00,Брензович Василь Іванович,https://declarations.com.ua/declaration/nacp_78ff895e-112b-4f14-91bf-d06226e57a12,0
2017-03-29T00:00:00,Бригинець Олександр Михайлович,https://declarations.com.ua/declaration/nacp_7951540c-4d62-48e0-8c79-17853657cfd8,2 021 181  
2017-03-30T00:00:00,Бриченко Ігор Віталійович,https://declarations.com.ua/declaration/nacp_e8807adc-ae18-4595-996b-d5b3928ef848,6 346 834  
2017-03-31T00:00:00,Бублик Юрій Васильович,https://declarations.com.ua/declaration/nacp_e8f25644-31ee-4703-bd35-b51ec79a7199,8 508 187  
2017-03-03T00:00:00,Буглак Юрій Олександрович,https://declarations.com.ua/declaration/nacp_bc6023f7-df34-4fba-a6e5-62823225d36e,31 964 803  
2017-03-23T00:00:00,Бурбак Максим Юрійович,https://declarations.com.ua/declaration/nacp_b9e49a9b-8475-4be7-b056-b6f1563ca7b5,8 296 129  
2017-03-23T00:00:00,Бухарєв Владислав Вікторович,https://declarations.com.ua/declaration/nacp_40205131-9771-49d4-b8e4-157498c36591,13 311 519  
2017-02-08T00:00:00,Вадатурський Андрій Олексійович,https://declarations.com.ua/declaration/nacp_142c1863-e9b8-463e-b1a6-ff96dff75031,0
2017-03-29T00:00:00,Валентиров Сергій Васильович,https://declarations.com.ua/declaration/nacp_52bf8f44-7f58-4719-afa0-ac47206d2bd4,3 025 406  
2017-01-17T00:00:00,Васюник Ігор Васильович,https://declarations.com.ua/declaration/nacp_1104ed70-60f9-4f8c-8180-fc7d05ce0223,6 751 802  
2017-03-17T00:00:00,Величкович Микола Романович,https://declarations.com.ua/declaration/nacp_757df6f9-5744-44cc-bfb3-ce0ddf3fb03b,0
2017-03-31T00:00:00,Велікін Олег Маркович,https://declarations.com.ua/declaration/nacp_cacea08a-5ad1-486c-ba83-c492e5c22035,21 546 947  
2017-03-30T00:00:00,Веселова Наталія Василівна,https://declarations.com.ua/declaration/nacp_176b1d5c-89ac-472a-b71c-3c84fffe6e78,179 858  
2017-04-04T00:00:00,Висоцький Сергій Віталійович,https://declarations.com.ua/declaration/nacp_d8c38255-3250-4f09-8a75-5ddabf649e58,713 384  
2017-03-29T00:00:00,Висоцький Сергій Віталійович,https://declarations.com.ua/declaration/nacp_2c253f8b-f157-496d-8fd7-269037601858,713 043  
2017-03-31T00:00:00,Вілкул Олександр Юрійович,https://declarations.com.ua/declaration/nacp_65afaf42-dc20-46d2-8f85-fb53641e2b51,133 282 328  
2017-03-29T00:00:00,Вінник Іван Юлійович,https://declarations.com.ua/declaration/nacp_b29c9339-f465-4d29-9ddc-38fd413c76b0,0
2017-03-30T00:00:00,Вітко Артем Леонідович,https://declarations.com.ua/declaration/nacp_92ef5af8-11f6-4c27-bcbe-a77c3f5bc59c,624 700  
2017-03-30T00:00:00,Власенко Сергій Володимирович,https://declarations.com.ua/declaration/nacp_412c38bc-281a-4971-82a3-65f824e0352f,21 431 538  
2017-03-25T00:00:00,Вовк Віктор Іванович,https://declarations.com.ua/declaration/nacp_8dfd3859-a87e-48ca-83b2-6d896046e07b,1 207 741  
2017-03-30T00:00:00,Вознюк Юрій Володимирович,https://declarations.com.ua/declaration/nacp_57f00cae-284b-4735-8955-1d5d753d7b44,3 252 768  
2017-03-29T00:00:00,Войцеховська Світлана Михайлівна,https://declarations.com.ua/declaration/nacp_70ace6de-21df-4f70-8b85-73a6b271b7da,1 002 842  
2017-03-30T00:00:00,Войціцька Вікторія Михайлівна,https://declarations.com.ua/declaration/nacp_d4942818-bfc5-4b8b-9cf4-12d751dac447,32 208 690  
2017-03-31T00:00:00,Воропаєв Юрій Миколайович,https://declarations.com.ua/declaration/nacp_bdc15c82-4d41-49cc-8712-52f848dee318,37 800 764  
2017-02-28T00:00:00,Гаврилюк Михайло Віталійович,https://declarations.com.ua/declaration/nacp_cd4510b1-ba35-43c0-a12c-b891ef11a63d,0
2017-03-17T00:00:00,Галасюк Віктор Валерійович,https://declarations.com.ua/declaration/nacp_9b4845dd-c720-463a-ae0b-36614fa35496,5 761 589  
2017-03-30T00:00:00,Гальченко Андрій Володимирович,https://declarations.com.ua/declaration/nacp_88570752-f963-4c05-9008-f889df163096,5 817 698  
2017-03-31T00:00:00,Герасимов Артур Володимирович,https://declarations.com.ua/declaration/nacp_62037566-fa34-47cb-aba4-69c9934fddce,6 413 181  
2017-03-30T00:00:00,Геращенко Антон Юрійович,https://declarations.com.ua/declaration/nacp_61d74c2a-3b72-4381-acfb-6c61cae0cd62,3 518 008  
2017-03-29T00:00:00,Геращенко Ірина Володимирівна,https://declarations.com.ua/declaration/nacp_cf0151ad-947a-4a7e-9895-a236de574200,5 933 054  
2017-03-31T00:00:00,Герега Олександр Володимирович,https://declarations.com.ua/declaration/nacp_1685cc1e-a062-44e2-bbc9-e1be4725ac00,155 831 308  
2017-03-22T00:00:00,Гєллєр Євгеній Борисович,https://declarations.com.ua/declaration/nacp_0aeee44a-e099-4a3d-9915-cfe50c3a3370,171 413 690  
2017-03-31T00:00:00,Гіршфельд Анатолій Мусійович,https://declarations.com.ua/declaration/nacp_2e5ffb21-14bc-4b23-9d34-4d57d2bd214a,17 615 336  
2017-04-05T00:00:00,Головко Михайло Йосифович,https://declarations.com.ua/declaration/nacp_dee4303e-8c92-4196-b48b-cb6e2389cdcd,1 240 534  
2017-03-25T00:00:00,Голуб Владислав Володимирович,https://declarations.com.ua/declaration/nacp_2b8d78af-463f-499b-be84-f7c549d3ac2c,3 765 650  
2017-03-30T00:00:00,Голубов Дмитро Іванович,https://declarations.com.ua/declaration/nacp_69808a95-82b2-43fe-9383-a4dc4a9e5ff5,138 625 090  
2017-03-28T00:00:00,Гончаренко Олексій Олексійович,https://declarations.com.ua/declaration/nacp_8cf40713-15eb-4c22-9442-095ac6e0bbce,5 058 121  
2017-03-29T00:00:00,Гопко Ганна Миколаївна,https://declarations.com.ua/declaration/nacp_0b078ba5-7c3c-45da-881b-54a10b6761ee,4 551 987  
2017-03-30T00:00:00,Горбунов Олександр Володимирович,https://declarations.com.ua/declaration/nacp_ee601c94-403b-434d-80b2-619f16d8179f,11 896 302  
2017-03-31T00:00:00,Горват Роберт Іванович,https://declarations.com.ua/declaration/nacp_e0e473d1-46b4-4e05-a09e-1ff48538c1e3,3 019 026  
2017-03-29T00:00:00,Грановський Олександр Михайлович,https://declarations.com.ua/declaration/nacp_b1480fff-f537-4473-9eed-876b1a2e34ed,35 159 893  
2017-03-29T00:00:00,Гринів Ігор Олексійович,https://declarations.com.ua/declaration/nacp_099ecb67-777b-4caf-9904-c95920839d59,5 199 891  
2017-04-05T00:00:00,Гринів Ігор Олексійович,https://declarations.com.ua/declaration/nacp_4a0a0606-de23-4d78-b873-8db201655ca5,5 201 382  
2017-03-31T00:00:00,Гудзенко Віталій Іванович,https://declarations.com.ua/declaration/nacp_e3136d5c-5fa9-4a4c-af07-6e629b0adba4,79 105 160  
2017-03-20T00:00:00,Гузь Ігор Володимирович,https://declarations.com.ua/declaration/nacp_27ac9707-1b9a-4af9-97ad-5a83271b628f,89 000  
2017-03-29T00:00:00,Гуляєв Василь Олександрович,https://declarations.com.ua/declaration/nacp_3de65205-68e6-4c51-b6cb-f04745b715e6,5 506 586  
2017-03-31T00:00:00,Гусак Володимир Георгійович,https://declarations.com.ua/declaration/nacp_29fc039b-5747-4766-b355-a011eceb7341,37 984 286  
2017-04-05T00:00:00,Давиденко Валерій Миколайович,https://declarations.com.ua/declaration/nacp_9a9a46b7-03e5-42a9-81cf-fe76a870a2f2,66 258 801  
2017-03-31T00:00:00,Данілін Владислав Юрійович,https://declarations.com.ua/declaration/nacp_38d00b03-4d27-4169-a362-5b357b3791a7,0
2017-03-23T00:00:00,Данченко Олександр Іванович,https://declarations.com.ua/declaration/nacp_a71a1a17-4786-4fdf-9a73-d92d37e27607,25 920 661  
2017-03-30T00:00:00,Дейдей Євген Сергійович,https://declarations.com.ua/declaration/nacp_dcf15b0e-7ace-4c44-adb3-8031fedd6c84,2 432 194  
2017-03-31T00:00:00,Демчак Руслан Євгенійович,https://declarations.com.ua/declaration/nacp_63e35dce-50bd-455b-92ca-82d9e936fb60,124 339 622  
2017-03-28T00:00:00,Денисенко Анатолій Петрович,https://declarations.com.ua/declaration/nacp_6211309f-8f79-49d2-b52e-75ac7245343c,86 096 267  
2017-03-22T00:00:00,Денисенко Андрій Сергійович,https://declarations.com.ua/declaration/nacp_50466788-746a-4430-acd8-d9378d06570a,5 050 000  
2017-03-29T00:00:00,Денисенко Вадим Ігорович,https://declarations.com.ua/declaration/nacp_93bb8623-2931-4eac-a211-aa5f209be7a1,2 575 550  
2017-03-30T00:00:00,Денісова Людмила Леонтіївна,https://declarations.com.ua/declaration/nacp_1703b8c8-78e5-4376-aeb0-a266cd6763c5,9 359 085  
2017-03-30T00:00:00,Дерев'янко Юрій Богданович,https://declarations.com.ua/declaration/nacp_bb094824-99a9-4528-ac85-e51f69ac6ff7,416 272 386  
2017-03-30T00:00:00,Деркач Андрій Леонідович,https://declarations.com.ua/declaration/nacp_57efa754-e9bd-4826-be9f-627a78e62a00,1 469 984  
2017-03-20T00:00:00,Дехтярчук Олександр Володимирович,https://declarations.com.ua/declaration/nacp_390bbfd8-a2a1-446f-9ad2-bd870abdaf7b,287 206  
2017-04-05T00:00:00,Джемілєв Мустафа ,https://declarations.com.ua/declaration/nacp_71498f7b-ba99-4407-9d59-dae995e6924e,1 717 773  
2017-03-31T00:00:00,Дзензерський Денис Вікторович,https://declarations.com.ua/declaration/nacp_a8e03b76-4850-4ee2-94de-2c38a4686a94,123 215 043  
2017-03-29T00:00:00,Дзюблик Павло Володимирович,https://declarations.com.ua/declaration/nacp_9568b1d1-f523-4ada-90c5-b743ac7bef3a,1 421 366  
2017-03-30T00:00:00,Дирів Анатолій Борисович,https://declarations.com.ua/declaration/nacp_e47d5f55-80b1-42ba-8dd4-af6c254da56d,310 000  
2017-03-31T00:00:00,Діденко Ігор Анатолійович,https://declarations.com.ua/declaration/nacp_21a237d4-93f6-4f52-b957-188001f8b119,0
2017-03-29T00:00:00,Дідич Валентин Володимирович,https://declarations.com.ua/declaration/nacp_cd0fb492-66cf-4519-bbbd-b959d24b0211,2 899 827  
2017-03-21T00:00:00,Дмитренко Олег Миколайович,https://declarations.com.ua/declaration/nacp_17006e5d-e763-423c-b78b-b630675b6a42,1 850 000  
2017-03-30T00:00:00,Добкін Дмитро Маркович,https://declarations.com.ua/declaration/nacp_c4ec2ada-ff1b-467b-bd46-62ee7e3ab138,18 722 600  
2017-04-06T00:00:00,Добкін Михайло Маркович,https://declarations.com.ua/declaration/nacp_96f964c7-ccc3-48f0-81f5-37aaadc3a601,54 726 710  
2017-04-04T00:00:00,Добродомов Дмитро Євгенович,https://declarations.com.ua/declaration/nacp_4832650a-9248-4251-8ed4-4e18f99d6956,1 372 346  
2017-03-28T00:00:00,Довбенко Михайло Володимирович,https://declarations.com.ua/declaration/nacp_b477c2e1-f0f8-4285-8031-125bcfe53d8f,10 554 188  
2017-04-07T00:00:00,Довгий Олесь Станіславович,https://declarations.com.ua/declaration/nacp_be27593b-2ba2-4fbb-8ca1-855e76394fac,69 158 901  
2017-03-30T00:00:00,Долженков Олександр Валерійович,https://declarations.com.ua/declaration/nacp_ca15138c-c855-4cdc-9f30-68af3a1a6259,3 016 723  
2017-03-29T00:00:00,Домбровський Олександр Георгійович,https://declarations.com.ua/declaration/nacp_aea749c5-4f9e-4e8a-bc9b-0bd57f87f943,14 127 258  
2017-03-30T00:00:00,Донець Тетяна Анатоліївна,https://declarations.com.ua/declaration/nacp_bea23c6d-1dc2-45f2-a85a-71f7e9719c9c,120 949 776  
2017-03-29T00:00:00,Драюк Сергій Євсейович,https://declarations.com.ua/declaration/nacp_7f82dff6-75fe-4dc6-aade-d2f0aa28a195,1 855 409  
2017-03-28T00:00:00,Дроздик Олександр Валерійович,https://declarations.com.ua/declaration/nacp_1a5591f1-52f8-465e-bdf5-7f9c9e88d2d8,778 881  
2017-03-29T00:00:00,Дубіль Валерій Олександрович,https://declarations.com.ua/declaration/nacp_303ea806-0b35-47b9-9d0d-0dc52544fa46,16 009 271  
2017-03-22T00:00:00,Дубінін Олександр Іванович,https://declarations.com.ua/declaration/nacp_6387ab66-b1e0-482f-8b22-afe6313110e9,20 691 846  
2017-04-04T00:00:00,Дубневич Богдан Васильович,https://declarations.com.ua/declaration/nacp_d444cc12-ad1b-4f36-87bb-defe3adbe862,452 862 908  
2017-04-05T00:00:00,Дубневич Ярослав Васильович,https://declarations.com.ua/declaration/nacp_15e64121-d53e-4f8a-ae94-1a0d372048d7,336 406 677  
2017-03-29T00:00:00,Дунаєв Сергій Володимирович,https://declarations.com.ua/declaration/nacp_59f8a95f-298f-4bdc-a747-55a04981179d,926 000  
2017-04-27T00:00:00,Дутчак Назарій Васильович,https://declarations.com.ua/declaration/nacp_c41693e2-39e5-4aac-a699-c017ebc8d641,2 272 237  
2017-03-29T00:00:00,Євлахов Анатолій Сергійович,https://declarations.com.ua/declaration/nacp_b85de0f0-b1d0-409e-9078-a34f52f4a900,44 623 355  
2017-03-30T00:00:00,Євтушок Сергій Миколайович,https://declarations.com.ua/declaration/nacp_6f450f51-a2b4-49a3-8e3a-10cf580e2a86,1 670 107  
2017-03-28T00:00:00,Єдаков Ярослав Юрійович,https://declarations.com.ua/declaration/nacp_44c454fe-e95f-41d0-8fea-2aa1dad190e8,100 261  
2017-02-13T00:00:00,Єднак Остап Володимирович,https://declarations.com.ua/declaration/nacp_5a1b3dcd-3519-4728-9c63-38069e261040,80 260  
2017-03-30T00:00:00,Єленський Віктор Євгенович,https://declarations.com.ua/declaration/nacp_65978312-d53d-4a9c-ad6b-36426eedcd31,1 234 006  
2017-03-31T00:00:00,Ємець Леонід Олександрович,https://declarations.com.ua/declaration/nacp_db7da0f8-46e0-440a-88dc-465587bcefb8,3 013 418  
2017-03-30T00:00:00,Єфімов Максим Вікторович,https://declarations.com.ua/declaration/nacp_d1ce46b2-c4ec-49aa-9997-40348cbfe6c8,128 982 832  
2017-03-28T00:00:00,Єфремова Ірина Олексіївна,https://declarations.com.ua/declaration/nacp_340d2940-cdd1-4595-841f-d021511c78c9,780 819  
2017-03-31T00:00:00,Жеваго Костянтин Валентинович,https://declarations.com.ua/declaration/nacp_dc009c6a-1fb6-4932-a4a0-4af7c1b79060,3 118 081  
2017-04-06T00:00:00,Жолобецький Олександр Олександрович,https://declarations.com.ua/declaration/nacp_4f104406-d8b1-4571-abdd-09de3edfce6f,4 876 442  
2017-03-24T00:00:00,Журжій Андрій Валерійович,https://declarations.com.ua/declaration/nacp_fd7aa40d-83fb-4966-b4e6-55a3ef303048,766 249  
2017-03-15T00:00:00,Заболотний Григорій Михайлович,https://declarations.com.ua/declaration/nacp_fbe9a444-c026-4637-91dc-55fbe37c6a28,1 676 064  
2017-04-07T00:00:00,Загорій Гліб Володимирович,https://declarations.com.ua/declaration/nacp_641f5b71-4800-447b-8090-8949b1210a66,214 743 586  
2017-03-31T00:00:00,Заліщук Світлана Петрівна,https://declarations.com.ua/declaration/nacp_33a6700d-b33c-4614-b086-1c130f24a8af,38 541  
2017-04-02T00:00:00,Заставний Роман Йосипович,https://declarations.com.ua/declaration/nacp_bc6a61f7-20b7-4259-8f5a-fe952650caa6,10 876 937  
2017-03-29T00:00:00,Звягільський Юхим Леонідович,https://declarations.com.ua/declaration/nacp_e311b3e4-14f3-40f8-ac5b-47c12b0144e3,125 474 371  
2017-03-29T00:00:00,Зубач Любомир Львович,https://declarations.com.ua/declaration/nacp_38c13dfb-002a-4a03-a6dd-8abc70c75922,724 502  
2017-03-30T00:00:00,Зубик Володимир Володимирович,https://declarations.com.ua/declaration/nacp_d465d1ec-6aef-4a44-be36-8be13b163a75,3 710 485  
2017-03-29T00:00:00,Іванчук Андрій Володимирович,https://declarations.com.ua/declaration/nacp_589f383a-d5aa-4ab5-9604-a2a77d00206c,51 517 994  
2017-04-01T00:00:00,Івахів Степан Петрович,https://declarations.com.ua/declaration/nacp_bdea18e3-0735-4127-8627-93799f06d230,106 185 415  
2017-03-24T00:00:00,Івченко Вадим Євгенович,https://declarations.com.ua/declaration/nacp_89c9c300-2d58-4ec0-b5ef-25a1f1f73db1,3 205 019  
2017-03-25T00:00:00,Іллєнко Андрій Юрійович,https://declarations.com.ua/declaration/nacp_f9ead359-997d-4206-8f41-4698c1ae55af,738 693  
2017-03-31T00:00:00,Ільюк Артем Олександрович,https://declarations.com.ua/declaration/nacp_d7747285-2ef0-48f9-97a6-7f36ceee00ff,22 295 841  
2017-03-31T00:00:00,Іонова Марія Миколаївна,https://declarations.com.ua/declaration/nacp_80d5cc11-c8a2-4b02-ade8-42ab7c1bfee6,1 065 549  
2017-03-14T00:00:00,Іоффе Юлій Якович,https://declarations.com.ua/declaration/nacp_2aeb21bf-519f-4bed-89b2-3c197dc70dd4,25 837 294  
2017-03-29T00:00:00,Іщейкін Костянтин Євгенович,https://declarations.com.ua/declaration/nacp_323f4d4f-f3be-44b9-a77a-117ee767d3f9,16 629 657  
2017-03-31T00:00:00,Іщенко Валерій Олександрович,https://declarations.com.ua/declaration/nacp_79cfeef7-574a-4ea6-96a0-8b89a6d7710c,17 892 971  
2017-02-22T00:00:00,Кадикало Микола Олегович,https://declarations.com.ua/declaration/nacp_ee0493dd-cd18-41a6-bf2a-483ccacf054f,1 632 641  
2017-03-30T00:00:00,Каплін Сергій Миколайович,https://declarations.com.ua/declaration/nacp_e320accb-70ce-44a3-ba6a-8a622a569550,0
2017-03-29T00:00:00,Карпунцов Валерій Віталійович,https://declarations.com.ua/declaration/nacp_14248799-3528-4e91-96af-e599689c3b57,6 914 441  
2017-03-29T00:00:00,Кацер-Бучковська Наталія Володимирівна,https://declarations.com.ua/declaration/nacp_0f903232-828f-412b-a7c0-bcc9a289b400,4 137 280  
2017-03-30T00:00:00,Кацуба Володимир Михайлович,https://declarations.com.ua/declaration/nacp_5ce5a47f-34a4-407e-bd20-f13258daed13,23 096 109  
2017-03-27T00:00:00,Кириленко Іван Григорович,https://declarations.com.ua/declaration/nacp_a86481cd-c710-4604-9751-feb53a7808fa,1 486 213  
2017-03-30T00:00:00,Кириченко Олексій Миколайович,https://declarations.com.ua/declaration/nacp_2f174c8a-737a-48be-a450-ee1e5eaa6133,6 401 007  
2017-03-29T00:00:00,Кишкар Павло Миколайович,https://declarations.com.ua/declaration/nacp_fd4841c0-3a70-4368-8376-dbdae0d34748,73 431  
2017-03-23T00:00:00,Ківалов Сергій Васильович,https://declarations.com.ua/declaration/nacp_da56a1cc-16f1-4458-9f82-95e051340761,59 159 934  
2017-03-29T00:00:00,Кіраль Сергій Іванович,https://declarations.com.ua/declaration/nacp_1e08cc57-0e64-477b-85ff-de5efd31f895,256 940  
2017-03-21T00:00:00,Кірш Олександр Вікторович,https://declarations.com.ua/declaration/nacp_c04be579-b97a-4173-ad3b-4228c9efda59,346 287  
2017-03-19T00:00:00,Кісельов Андрій Миколайович,https://declarations.com.ua/declaration/nacp_192781be-af55-4724-94cc-d46b7394eeff,27 366 757  
2017-04-06T00:00:00,Кіссе Антон Іванович,https://declarations.com.ua/declaration/nacp_8d7092d6-4afd-4fc6-84c2-cf95667e4d4f,42 106 832  
2017-03-29T00:00:00,Кіт Андрій Богданович,https://declarations.com.ua/declaration/nacp_f3d03d16-77e6-4114-806b-a328cf96ce7a,2 350 000  
2017-03-29T00:00:00,Клімов Леонід Михайлович,https://declarations.com.ua/declaration/nacp_7f2b4d57-355a-4b7a-9d57-8d1d9d55c911,3 983 695  
2017-03-07T00:00:00,Княжицький Микола Леонідович,https://declarations.com.ua/declaration/nacp_a9020ef5-eb29-4cde-85bf-cbb26c03a721,29 324 122  
2017-03-20T00:00:00,Князевич Руслан Петрович,https://declarations.com.ua/declaration/nacp_1529a5c8-8f19-438b-b6f5-e897dfd17e9c,1 471 609  
2017-03-20T00:00:00,Кобцев Михайло Валентинович,https://declarations.com.ua/declaration/nacp_74ebfcec-15f8-4f77-8f3d-517ccd718176,28 263 353  
2017-03-25T00:00:00,Кодола Олександр Михайлович,https://declarations.com.ua/declaration/nacp_4c0a4bad-2172-4137-825d-bb2fe9da1cfc,2 393 943  
2017-03-29T00:00:00,Кожем'якін Андрій Анатолійович,https://declarations.com.ua/declaration/nacp_f4485262-f46f-481d-acda-aa3fbb60b44b,7 036 099  
2017-03-31T00:00:00,Козак Тарас Романович,https://declarations.com.ua/declaration/nacp_8105565e-662d-4739-a8c4-2e0e1b9ef803,11 064 497  
2017-03-16T00:00:00,Козаченко Леонід Петрович,https://declarations.com.ua/declaration/nacp_83a90d84-865f-440b-a9e6-b0b30fc49a1d,10 437 258  
2017-04-06T00:00:00,Козир Борис Юрійович,https://declarations.com.ua/declaration/nacp_4bb1f9b1-c82d-4468-bc63-02fc49fd9153,25 067 952  
2017-03-31T00:00:00,Колганова Олена Валеріївна,https://declarations.com.ua/declaration/nacp_368c0025-c429-4bc0-beb4-7d3cbd1f97da,2 899 481  
2017-03-28T00:00:00,Колєсніков Дмитро Валерійович,https://declarations.com.ua/declaration/nacp_617dc831-0ba0-4685-ab12-e6e9f54a3ca8,4 964 635  
2017-03-31T00:00:00,Кондратюк Олена Костянтинівна,https://declarations.com.ua/declaration/nacp_f6fd49e1-fdff-416c-834b-1e9d6ef27343,49 787 498  
2017-03-27T00:00:00,Кононенко Ігор Віталійович,https://declarations.com.ua/declaration/nacp_48e138c1-6711-4558-aecf-3e6751534222,64 439 243  
2017-03-19T00:00:00,Констанкевич Ірина Мирославівна,https://declarations.com.ua/declaration/nacp_5de72c1d-43be-4f47-a1c5-3ccf4371c76e,750 000  
2017-03-30T00:00:00,Константіновський Вячеслав Леонідович,https://declarations.com.ua/declaration/nacp_33853c0e-db8a-49e2-8594-0d5dc9952f26,272 154 364  
2017-03-30T00:00:00,Корнацький Аркадій Олексійович,https://declarations.com.ua/declaration/nacp_c73d5bfd-0cf1-44bb-89ad-af9a0c2fab8d,56 003 039  
2017-03-31T00:00:00,Королевська Наталія Юріївна,https://declarations.com.ua/declaration/nacp_f206e838-7924-4baf-865b-c32d354f6b61,40 086 503  
2017-04-05T00:00:00,Король Віктор Миколайович,https://declarations.com.ua/declaration/nacp_1d12faa2-b785-48d8-91a7-0ec68cf22b68,27 397 239  
2017-03-30T00:00:00,Корчик Віталій Андрійович,https://declarations.com.ua/declaration/nacp_79df4b0a-2cfb-4120-b9f4-bbb97c422146,270 042  
2017-03-29T00:00:00,Корчинська Оксана Анатоліївна,https://declarations.com.ua/declaration/nacp_7f8efc29-b39e-4f20-87ed-2091ef4378a6,5 150 515  
2017-03-29T00:00:00,Костенко Павло Петрович,https://declarations.com.ua/declaration/nacp_5e2f25cc-af4a-447c-8980-7f5e0738387e,552 420  
2017-03-31T00:00:00,Котвіцький Ігор Олександрович,https://declarations.com.ua/declaration/nacp_b122da15-596a-40f7-a269-afa4ba518860,644 714 643  
2017-03-17T00:00:00,Кошелєва Альона Володимирівна,https://declarations.com.ua/declaration/nacp_1c8245bb-7ff5-4f38-9495-170e65010041,5 702 613  
2017-03-30T00:00:00,Кремінь Тарас Дмитрович,https://declarations.com.ua/declaration/nacp_c9709aa9-ef5f-429e-9b74-a95954670551,308 327  
2017-04-04T00:00:00,Кривенко Вадим Валерійович,https://declarations.com.ua/declaration/nacp_80b71ae2-6476-4289-8db7-0ae1f6f53bc8,3 600 851  
2017-03-31T00:00:00,Кривенко Віктор Миколайович,https://declarations.com.ua/declaration/nacp_f73c1df1-c998-4621-b4d8-bb1f46e0259a,6 183 008  
2017-03-31T00:00:00,Кривохатько Вадим Вікторович,https://declarations.com.ua/declaration/nacp_17e8fa67-585a-45d9-aec8-3142ea8a876f,240 000  
2017-03-29T00:00:00,Кривошея Геннадій Григорович,https://declarations.com.ua/declaration/nacp_1a9b1327-3d22-46b1-82f3-85fb783e97b7,1 127 064  
2017-03-30T00:00:00,Кришин Олег Юрійович,https://declarations.com.ua/declaration/nacp_c2a53b8b-2e0b-44c2-a30b-bf32a9b03c23,20 477 506  
2017-02-21T00:00:00,Крохмаль Валерій Іванович,https://declarations.com.ua/declaration/nacp_fea93e05-e1ca-4cf8-b068-e662a28fcb12,651 842  
2017-03-29T00:00:00,Крулько Іван Іванович,https://declarations.com.ua/declaration/nacp_ce681632-2583-45e8-8343-0ad1a06d6591,1 101 140  
2017-03-30T00:00:00,Ксенжук Олександр Степанович,https://declarations.com.ua/declaration/nacp_5725c4a9-d5fb-4ec1-a6de-5d10d8bb7e25,12 544 912  
2017-04-06T00:00:00,Кудлаєнко Сергій Володимирович,https://declarations.com.ua/declaration/nacp_905bc603-00c5-4b4d-a0a6-eee31ef28a3b,2 756 090  
2017-03-30T00:00:00,Кужель Олександра Володимирівна,https://declarations.com.ua/declaration/nacp_5b5db230-d13b-4fa9-a455-c4e3724408ee,1 053 452  
2017-03-29T00:00:00,Кузьменко Анатолій Іванович,https://declarations.com.ua/declaration/nacp_6596ce19-f0d7-4fa2-825e-95ccb8bf31cc,300 000  
2017-04-06T00:00:00,Кулініч Олег Іванович,https://declarations.com.ua/declaration/nacp_4315b9a1-8dcc-42c3-b08d-560ea64b57cc,18 293 811  
2017-03-13T00:00:00,Куліченко Іван Іванович,https://declarations.com.ua/declaration/nacp_d4f0e1db-5996-419a-89cd-6ed8f6baaa43,1 552 566  
2017-03-31T00:00:00,Куніцин Сергій Володимирович,https://declarations.com.ua/declaration/nacp_d45f74a1-a22c-4533-b555-f31455a4e966,7 107 230  
2017-04-13T00:00:00,Купрієнко Олег Васильович,https://declarations.com.ua/declaration/nacp_88a42ab6-0a36-4789-a846-bf883b5dac59,7 708 899  
2017-01-20T00:00:00,Купрій Віталій Миколайович,https://declarations.com.ua/declaration/nacp_1cfd5bff-a1b1-4312-bfa2-d5e04b577681,256 940  
2017-03-13T00:00:00,Курило Віталій Семенович,https://declarations.com.ua/declaration/nacp_7c84191b-5872-461d-8793-689fa9b8dc24,5 819 302  
2017-03-29T00:00:00,Курячий Максим Павлович,https://declarations.com.ua/declaration/nacp_23ef5c3a-34da-4d8d-871b-7ae860f7c6c4,3 991 631  
2017-03-31T00:00:00,Кучер Микола Іванович,https://declarations.com.ua/declaration/nacp_15669ce5-3319-4ab2-bcf5-b8e8462ed377,17 043 483  
2017-03-30T00:00:00,Лабазюк Сергій Петрович,https://declarations.com.ua/declaration/nacp_9de332c0-875f-404d-aca1-21bf3e6ee93f,11 225 550  
2017-03-21T00:00:00,Лаврик Микола Іванович,https://declarations.com.ua/declaration/nacp_ca0edd5b-4f63-4f3c-ae8e-a1672e26b5de,5 150 000  
2017-03-29T00:00:00,Лаврик Олег Васильович,https://declarations.com.ua/declaration/nacp_b9c74331-c22d-4757-ad29-faa1c70cd1e7,7 353 483  
2017-03-23T00:00:00,Ланьо Михайло Іванович,https://declarations.com.ua/declaration/nacp_c61ebf2a-2a9f-47bd-b593-a1419e91b64f,12 766 267  
2017-03-25T00:00:00,Лапін Ігор Олександрович,https://declarations.com.ua/declaration/nacp_d787b533-4c15-46f9-a62b-8ab708824162,1 218 095  
2017-04-06T00:00:00,Ларін Сергій Миколайович,https://declarations.com.ua/declaration/nacp_23430c9c-90b6-41b0-b9f2-ed3f47b8a150,1 092 957  
2017-03-29T00:00:00,Левус Андрій Мар'янович,https://declarations.com.ua/declaration/nacp_5656a717-90ae-4230-bbea-09e8b8fdaa94,770 819  
2017-03-16T00:00:00,Левченко Юрій Володимирович,https://declarations.com.ua/declaration/nacp_e59de25c-ed82-4331-b0e6-9563ff9fd225,297 827  
2017-03-29T00:00:00,Ледовських Олена Володимирівна,https://declarations.com.ua/declaration/nacp_ebbe0d7f-4f14-48ee-89b6-8879dd8b198a,1 176 331  
2017-03-29T00:00:00,Ленський Олексій Олексійович,https://declarations.com.ua/declaration/nacp_879939f3-6a72-42b1-b73e-fdb5fe0bf8e6,16 609 058  
2017-03-30T00:00:00,Лесюк Ярослав Васильович,https://declarations.com.ua/declaration/nacp_b15dd511-5718-47f6-9a11-34cde637e280,2 065 794  
2017-03-30T00:00:00,Лещенко Сергій Анатолійович,https://declarations.com.ua/declaration/nacp_7f60c573-a932-4b97-a874-695be8c0c4c2,137 848  
2017-03-29T00:00:00,Литвин Володимир Михайлович,https://declarations.com.ua/declaration/nacp_594a6263-9f40-42f6-8ff0-dd5ae9027aac,67 532 500  
2017-03-31T00:00:00,Лівік Олександр Петрович,https://declarations.com.ua/declaration/nacp_7c7ae2a3-0728-4388-bf49-4fdcf63f882d,1 429 177  
2017-04-05T00:00:00,Лінько Дмитро Володимирович,https://declarations.com.ua/declaration/nacp_0f677848-4e6c-40a0-a1d7-dfa5248a5c47,767 563  
2017-03-30T00:00:00,Логвинський Георгій Володимирович,https://declarations.com.ua/declaration/nacp_7e1c56e0-4416-410c-a0e9-4790b089fbb6,19 912 135  
2017-03-31T00:00:00,Лозовой Андрій Сергійович,https://declarations.com.ua/declaration/nacp_e52ee274-1e9e-4b77-9765-757fbd466afa,6 028 284  
2017-03-29T00:00:00,Лопушанський Андрій Ярославович,https://declarations.com.ua/declaration/nacp_8b9b96bb-59e1-4f01-8c07-8deac7407b7c,584 394  
2017-03-16T00:00:00,Лубінець Дмитро Валерійович,https://declarations.com.ua/declaration/nacp_1e9572f3-147d-4c2e-a3ce-6c1bd51c1c5b,2 002 000  
2017-03-30T00:00:00,Лук'янчук Руслан Валерійович,https://declarations.com.ua/declaration/nacp_37be1ac9-626f-4c07-8efc-95acb82b5fc5,19 344 005  
2017-03-29T00:00:00,Лунченко Валерій Валерійович,https://declarations.com.ua/declaration/nacp_0d8be4c6-0cc8-476f-ae53-1ab564a8d419,3 504 702  
2017-03-23T00:00:00,Луценко Ігор Вікторович,https://declarations.com.ua/declaration/nacp_b4d28637-cf88-4f84-94a3-840a7641ad80,4 163 562  
2017-03-30T00:00:00,Луценко Ірина Степанівна,https://declarations.com.ua/declaration/nacp_17a9dbb5-703d-420a-941b-86e692a87f0f,13 301 252  
2017-03-30T00:00:00,Луценко Юрій Віталійович,https://declarations.com.ua/declaration/nacp_2a3f0587-8e30-42c9-857c-c148cb283abd,13 301 252  
2017-03-31T00:00:00,Льовочкін Сергій Володимирович,https://declarations.com.ua/declaration/nacp_efd1a7ed-5472-4893-b7b5-1829f3bc9dc3,47 128 910  
2017-03-31T00:00:00,Льовочкіна Юлія Володимирівна,https://declarations.com.ua/declaration/nacp_55ddeea9-fb9f-4151-836d-5210bc171d6e,36 916 896  
2017-03-31T00:00:00,Люшняк Микола Володимирович,https://declarations.com.ua/declaration/nacp_ca07fc9f-f2c9-4275-907f-f426b53eab63,969 336  
2017-03-29T00:00:00,Ляшко Олег Валерійович,https://declarations.com.ua/declaration/nacp_255053cb-6969-40b1-9d77-1a309ab080df,25 491 725  
2017-03-31T00:00:00,Макар'ян Давид Борисович,https://declarations.com.ua/declaration/nacp_45b73c49-b621-4154-99c1-aa01050b952d,15 710 573  
2017-03-30T00:00:00,Македон Юрій Миколайович,https://declarations.com.ua/declaration/nacp_57f4cc95-3c8f-4424-9282-9499af3ab90f,936 582  
2017-03-15T00:00:00,Мамчур Юлій Валерійович,https://declarations.com.ua/declaration/nacp_1aa52e99-04c9-4d2c-bfd6-7109949b4558,0
2017-03-31T00:00:00,Маркевич Ярослав Володимирович,https://declarations.com.ua/declaration/nacp_ee2e1679-3cda-433c-b9fa-3c4e8ac892e6,1 816 271  
2017-03-30T00:00:00,Мартиняк Сергій Васильович,https://declarations.com.ua/declaration/nacp_bb8cf22f-aa11-4f7b-a682-7f80ac8ea1ae,192 591 820  
2017-03-29T00:00:00,Мартовицький Артур Володимирович,https://declarations.com.ua/declaration/nacp_e3e12928-3039-4336-8f0d-1cb319c1b5c3,6 666 222  
2017-03-29T00:00:00,Марченко Олександр Олександрович,https://declarations.com.ua/declaration/nacp_eb8c568d-7341-462c-9405-b99aec166cac,3 931 708  
2017-03-21T00:00:00,Масоріна Олена Сергіївна,https://declarations.com.ua/declaration/nacp_db965ec1-5bb9-4cb5-b4cd-36e0037f2b88,177 288  
2017-03-30T00:00:00,Матвієнко Анатолій Сергійович,https://declarations.com.ua/declaration/nacp_06bdd9c5-c0f5-48d8-a4c6-1a2d5675f437,12 574 153  
2017-03-23T00:00:00,Матвієнков Сергій Анатолійович,https://declarations.com.ua/declaration/nacp_dc3e35da-6a49-4f1d-bb53-e2be9d43c5d0,22 849 355  
2017-03-28T00:00:00,Матвійчук Едуард Леонідович,https://declarations.com.ua/declaration/nacp_dedae9dd-a143-4155-8215-2b3f225c0c0b,12 197 772  
2017-03-17T00:00:00,Матейченко Костянтин Володимирович,https://declarations.com.ua/declaration/nacp_e8fe9581-110c-4d9b-ac7b-d5f5b3b568ea,51 388  
2017-03-16T00:00:00,Матіос Марія Василівна,https://declarations.com.ua/declaration/nacp_51ce744c-ee47-4e10-9a41-bc23ce104bcd,689 745  
2017-03-31T00:00:00,Матківський Богдан Миронович,https://declarations.com.ua/declaration/nacp_3d041385-940c-4c25-93d5-53db1deda491,1 215 324  
2017-03-29T00:00:00,Матузко Олена Олександрівна,https://declarations.com.ua/declaration/nacp_ff3aaa63-434f-4982-9030-cf88bf1cf414,2 287 796  
2017-03-20T00:00:00,Мацола Роман Миколайович,https://declarations.com.ua/declaration/nacp_13bf28ea-6c7e-4561-9cfc-10fceb296be7,19 711 824  
2017-03-30T00:00:00,Медуниця Олег Вячеславович,https://declarations.com.ua/declaration/nacp_d11d581b-01dd-42e3-b289-d1fcf39fd1bf,0
2017-03-10T00:00:00,Мельник Сергій Іванович,https://declarations.com.ua/declaration/nacp_ba9ee7c2-9773-4118-b84c-09b5ea782967,396 000  
2017-03-22T00:00:00,Мельниченко Володимир Володимирович,https://declarations.com.ua/declaration/nacp_c93473cc-14de-4a57-8aac-42930c6201b4,6 651 648  
2017-03-28T00:00:00,Мельничук Іван Іванович,https://declarations.com.ua/declaration/nacp_154a56cb-34f2-414e-bacf-58fd4154f2d7,4 090 496  
2017-03-31T00:00:00,Мельничук Сергій Петрович,https://declarations.com.ua/declaration/nacp_37171723-b8f9-423b-a9de-0f041ee7db20,9 066 366  
2017-03-28T00:00:00,Мепарішвілі Хвича Нодарович,https://declarations.com.ua/declaration/nacp_861a7859-889f-4a1a-86f4-f9143a3e63ca,337 000  
2017-04-28T00:00:00,Микитась Максим Вікторович,https://declarations.com.ua/declaration/nacp_48943a06-a056-4b7c-b98f-e0207d73f607,274 141 179  
2017-03-29T00:00:00,Мирний Іван Миколайович,https://declarations.com.ua/declaration/nacp_1e809ea6-5a67-4b33-92d4-8dcecc67b4cd,2 410 400  
2017-03-29T00:00:00,Мисик Володимир Юрійович,https://declarations.com.ua/declaration/nacp_32941f7b-c37b-44fa-a968-00f51cf76f85,76 585 797  
2017-03-30T00:00:00,Мірошниченко Юрій Романович,https://declarations.com.ua/declaration/nacp_94c600bf-187e-44ef-b6e1-a284581fb09c,3 330 645  
2017-03-28T00:00:00,Мірошніченко Іван Володимирович,https://declarations.com.ua/declaration/nacp_a865e3a3-c736-4571-bd06-2a2ac0f94019,16 814 907  
2017-04-06T00:00:00,Міщенко Сергій Григорович,https://declarations.com.ua/declaration/nacp_d2ecaebc-046f-4d42-9ab7-0aa8958b9141,20 279 359  
2017-03-25T00:00:00,Молоток Ігор Федорович,https://declarations.com.ua/declaration/nacp_0d030b61-9db2-4762-a635-e4cbc0dd0d7d,20 147 527  
2017-03-31T00:00:00,Мороко Юрій Миколайович,https://declarations.com.ua/declaration/nacp_089f3188-753d-4756-a5e1-a77d0facc39f,53 247 302  
2017-03-07T00:00:00,Мосійчук Ігор Володимирович,https://declarations.com.ua/declaration/nacp_692d00d1-321b-46b2-8bc1-4308050f1c20,10 653 699  
2017-04-07T00:00:00,Москаленко Ярослав Миколайович,https://declarations.com.ua/declaration/nacp_28f7ea64-2b4d-4567-b986-4d25d84321f4,51 493 661  
2017-03-29T00:00:00,Мураєв Євгеній Володимирович,https://declarations.com.ua/declaration/nacp_6bbf4eb7-411a-4bef-b9b4-dd5d123f6727,95 305 715  
2017-03-28T00:00:00,Мусій Олег Степанович,https://declarations.com.ua/declaration/nacp_eb0fb1dd-0c72-4f4e-8f18-9b056e0eb6d4,8 206 576  
2017-04-05T00:00:00,Мушак Олексій Петрович,https://declarations.com.ua/declaration/nacp_069ddb50-320b-47e7-8fbd-c6f0b8dafdbf,5 288 111  
2017-03-29T00:00:00,Найєм Мустафа-Масі ,https://declarations.com.ua/declaration/nacp_b5703f6e-7d60-4113-855a-3a71661d063b,27 000  
2017-04-06T00:00:00,Насалик Ігор Степанович,https://declarations.com.ua/declaration/nacp_ea0c4145-899e-47bd-993e-7f6babbcac99,35 442 997  
2017-03-22T00:00:00,Негой Федір Федорович,https://declarations.com.ua/declaration/nacp_3f62de52-5b74-4fb7-955e-b41e914b1565,858 000  
2017-03-29T00:00:00,Недава Олег Анатолійович,https://declarations.com.ua/declaration/nacp_871b2d7a-f0c1-44c4-a247-b0c2a578ed88,15 809 802  
2017-03-13T00:00:00,Немировський Андрій Валентинович,https://declarations.com.ua/declaration/nacp_bd5af919-1355-43e2-af35-016539e87e9e,0
2017-03-29T00:00:00,Немиря Григорій Михайлович,https://declarations.com.ua/declaration/nacp_6b78677d-e5f7-4980-962e-d4e7fc6461fa,2 956 819  
2017-03-29T00:00:00,Нестеренко Вадим Григорович,https://declarations.com.ua/declaration/nacp_be6758d0-0b25-41dc-9890-6a7e54d61282,205 709 379  
2017-03-25T00:00:00,Нечаєв Олександр Ігоревич,https://declarations.com.ua/declaration/nacp_ffde41cd-d495-4b31-93e6-aea545fb2a67,11 033 855  
2017-03-17T00:00:00,Ничипоренко Валентин Миколайович,https://declarations.com.ua/declaration/nacp_78e12023-ca9b-4b8b-bc5a-d2c3b3acd2fc,11 284 079  
2017-03-29T00:00:00,Німченко Василь Іванович,https://declarations.com.ua/declaration/nacp_33ed0022-8bb8-4c02-89bc-a50771329332,6 350 214  
2017-03-05T00:00:00,Новак Наталія Василівна,https://declarations.com.ua/declaration/nacp_f74ffd4f-d148-45b6-983b-7acd9de33677,3 142 349  
2017-03-30T00:00:00,Новинський Вадим Владиславович,https://declarations.com.ua/declaration/nacp_7171fd8e-7651-4dd9-827b-54c7a40cbcbf,82 283 431  
2017-03-29T00:00:00,Одарченко Юрій Віталійович,https://declarations.com.ua/declaration/nacp_161b8be0-1bf7-4a6b-9458-1332d2425f81,3 211 745  
2017-02-28T00:00:00,Омельянович Денис Сергійович,https://declarations.com.ua/declaration/nacp_1a5bdc97-44c1-4d47-999a-99eb02bfd7a6,29 058 660  
2017-03-29T00:00:00,Онуфрик Богдан Семенович,https://declarations.com.ua/declaration/nacp_11aa823a-d870-4260-b2b2-13e49c02f88c,314 732  
2017-02-06T00:00:00,Опанасенко Олександр Валерійович,https://declarations.com.ua/declaration/nacp_a2df96eb-8fb5-4a71-ad75-5663d9d7270c,646 501  
2017-03-29T00:00:00,Остапчук Віктор Миколайович,https://declarations.com.ua/declaration/nacp_66822374-0aeb-48ef-aaea-2db74efca665,345 083  
2017-03-30T00:00:00,Острікова Тетяна Георгіївна,https://declarations.com.ua/declaration/nacp_81c253ba-2dd8-4700-9ceb-ff367bfcfbfc,8 526 783  
2017-03-29T00:00:00,Осуховський Олег Іванович,https://declarations.com.ua/declaration/nacp_f32599ee-9a61-42b8-8023-1d1795c879f5,3 346 421  
2017-03-31T00:00:00,Павелко Андрій Васильович,https://declarations.com.ua/declaration/nacp_d9c6f9f3-a6ec-4216-9588-693b36086dd8,30 089 889  
2017-03-28T00:00:00,Павленко Юрій Олексійович,https://declarations.com.ua/declaration/nacp_3eee52a9-9dc9-427c-8106-7c4160b1cafc,2 365 845  
2017-03-30T00:00:00,Павлов Костянтин Юрійович,https://declarations.com.ua/declaration/nacp_596cecf3-d8eb-4e02-b2fb-28dc35b325b8,3 719 959  
2017-03-30T00:00:00,Паламарчук Микола Петрович,https://declarations.com.ua/declaration/nacp_93a92b91-37ad-4ccf-b8eb-daafb45e97a1,4 150 754  
2017-03-29T00:00:00,Палатний Артур Леонідович,https://declarations.com.ua/declaration/nacp_7e7a12da-0f06-4ec9-8a71-ff8d140cb7f1,18 849 485  
2017-03-24T00:00:00,Папієв Михайло Миколайович,https://declarations.com.ua/declaration/nacp_843aeff9-5f30-485f-99b5-ece817b470a4,1 302 172  
2017-03-31T00:00:00,Парасюк Володимир Зіновійович,https://declarations.com.ua/declaration/nacp_afc39349-6912-4b62-844d-fbac5b7c66de,8 853  
2017-03-31T00:00:00,Парубій Андрій Володимирович,https://declarations.com.ua/declaration/nacp_428956bc-715d-42b2-b635-ab50e1fd87cf,1 012 278  
2017-03-30T00:00:00,Пастух Тарас Тимофійович,https://declarations.com.ua/declaration/nacp_cbb9619c-ca58-4e17-9b12-c7a6da099e2b,2 986 335  
2017-03-22T00:00:00,Пацкан Валерій Васильович,https://declarations.com.ua/declaration/nacp_0a9fb3bf-18d3-44f4-b944-301826e0c297,7 708 187  
2017-03-31T00:00:00,Пашинський Сергій Володимирович,https://declarations.com.ua/declaration/nacp_a335dfaf-3686-49df-a76d-6b00cd9e4fb9,16 774 613  
2017-03-29T00:00:00,Петренко Олег Миколайович,https://declarations.com.ua/declaration/nacp_3f715566-d0d2-4746-8c16-7d59994e1443,687 292  
2017-03-17T00:00:00,Петьовка Василь Васильович,https://declarations.com.ua/declaration/nacp_b7c40349-395e-4034-a98f-86762c50caa5,12 266 873  
2017-03-17T00:00:00,Пинзеник Віктор Михайлович,https://declarations.com.ua/declaration/nacp_7c8cef95-304f-4727-bb97-6560a5151c1a,10 381 197  
2017-03-29T00:00:00,Пинзеник Павло Васильович,https://declarations.com.ua/declaration/nacp_ed9b2c7f-5af1-4b07-ab02-1e4807daf97f,15 832 973  
2017-03-29T00:00:00,Писаренко Валерій Володимирович,https://declarations.com.ua/declaration/nacp_b0342eb7-9cb2-4062-9603-ee02f4c2a1b9,220 631 466  
2017-03-29T00:00:00,Підберезняк Вадим Іванович,https://declarations.com.ua/declaration/nacp_1050b907-ceee-4b2a-bd50-b57965fca339,0
2017-03-20T00:00:00,Підлісецький Лев Теофілович,https://declarations.com.ua/declaration/nacp_9358f644-def4-4bc7-837b-693adeef7586,1 841 804  
2017-03-31T00:00:00,Побер Ігор Миколайович,https://declarations.com.ua/declaration/nacp_85bf2b6c-432f-467f-bd6a-9b06ae587390,2 034 698  
2017-03-29T00:00:00,Подоляк Ірина Ігорівна,https://declarations.com.ua/declaration/nacp_6eaee680-fb5f-4176-b87e-00e696f08baa,159 116  
2017-03-29T00:00:00,Поляков Максим Анатолійович,https://declarations.com.ua/declaration/nacp_3b680b8c-b1bb-4434-8029-f8035dcf1cc9,8 126 941  
2017-03-20T00:00:00,Помазанов Андрій Віталійович,https://declarations.com.ua/declaration/nacp_48694247-241b-4d3c-a3e3-6fbcefe439c6,2 268 577  
2017-03-30T00:00:00,Пономарьов Олександр Сергійович,https://declarations.com.ua/declaration/nacp_2f96c936-9e21-4397-8853-42d335efd3c0,15 723 405  
2017-03-30T00:00:00,Поплавський Михайло Михайлович,https://declarations.com.ua/declaration/nacp_7506df5f-2fe6-49df-afe2-63b30b8fa2fa,30 070 794  
2017-03-24T00:00:00,Попов Ігор Володимирович,https://declarations.com.ua/declaration/nacp_7c0fa702-3d94-413f-af19-336bb27e572f,1 021 932  
2017-03-29T00:00:00,Порошенко Олексій Петрович,https://declarations.com.ua/declaration/nacp_728fd29c-f15e-417e-a0ef-4df57aabf261,22 993 503  
2017-03-16T00:00:00,Пресман Олександр Семенович,https://declarations.com.ua/declaration/nacp_26e3a899-2a58-48dc-8590-1f8e6e241190,73 224 957  
2017-04-05T00:00:00,Присяжнюк Олександр Анатолійович,https://declarations.com.ua/declaration/nacp_0bff4832-d0ad-4c61-975f-ddab8fece670,44 978 350  
2017-04-07T00:00:00,Продан Оксана Петрівна,https://declarations.com.ua/declaration/nacp_61ad0132-8eb5-411c-bea9-23555b736071,38 309 058  
2017-03-29T00:00:00,Пташник Вікторія Юріївна,https://declarations.com.ua/declaration/nacp_3673d0f8-40f7-4751-9d24-760c3c3b9260,2 803 714  
2017-03-31T00:00:00,Рабінович Вадим Зіновійович,https://declarations.com.ua/declaration/nacp_28a06bd8-faad-40b6-baa7-deedfc738001,12 326 776  
2017-03-30T00:00:00,Развадовський Віктор Йосипович,https://declarations.com.ua/declaration/nacp_39ff7efe-fa83-46d8-a46d-d9681ce586c0,36 644 160  
2017-03-30T00:00:00,Ревега Олександр Васильович,https://declarations.com.ua/declaration/nacp_57c81561-e4da-411d-88e9-753538db923f,14 808 207  
2017-03-17T00:00:00,Река Андрій Олександрович,https://declarations.com.ua/declaration/nacp_64a2727a-58d1-47a3-9a2b-85fbfe722a9f,1 191 000  
2017-03-29T00:00:00,Рибак Іван Петрович,https://declarations.com.ua/declaration/nacp_d2437178-9cef-4aa5-a6d7-ae8468614d51,2 356 464  
2017-03-29T00:00:00,Рибалка Сергій Вікторович,https://declarations.com.ua/declaration/nacp_fdf7a171-2b43-40cc-a613-bc72da48fb4c,50 815 015  
2017-03-29T00:00:00,Рибчинський Євген Юрійович,https://declarations.com.ua/declaration/nacp_611be947-36ac-4b5f-b779-3feb7d0112d4,370 000  
2017-03-25T00:00:00,Ричкова Тетяна Борисівна,https://declarations.com.ua/declaration/nacp_efe5c247-a351-4d77-83ff-c18bb2d13c29,265 512  
2017-03-30T00:00:00,Різаненко Павло Олександрович,https://declarations.com.ua/declaration/nacp_0b328157-b9e1-4cba-bd8f-c15a2bcf07f4,18 486 154  
2017-04-06T00:00:00,Розенблат Борислав Соломонович,https://declarations.com.ua/declaration/nacp_9d0fbb29-e707-470c-a0bd-9567d0e06001,87 971 607  
2017-03-29T00:00:00,Романова Анна Анатоліївна,https://declarations.com.ua/declaration/nacp_aa4acaa5-fb87-4b02-8d62-9eaeb468ec09,967 824  
2017-03-29T00:00:00,Романовський Олександр Володимирович,https://declarations.com.ua/declaration/nacp_295b8294-73a1-4f3a-bb30-958580a8dd56,1 031 936  
2017-03-23T00:00:00,Романюк Віктор Миколайович,https://declarations.com.ua/declaration/nacp_e172925c-bb30-4c7a-996f-1d70c69af8b3,17 549 739  
2017-03-25T00:00:00,Романюк Роман Сергійович,https://declarations.com.ua/declaration/nacp_dc8d6cf2-6be5-44a9-8522-951a2b9b1dab,17 637 574  
2017-04-05T00:00:00,Рудик Сергій Ярославович,https://declarations.com.ua/declaration/nacp_e0ca4e83-054f-43bb-a13c-595de18e3170,4 889 996  
2017-03-31T00:00:00,Рябчин Олексій Михайлович,https://declarations.com.ua/declaration/nacp_5d4e6760-72a1-4d9a-9442-3f34dff88a0d,1 636 060  
2017-03-30T00:00:00,Сабашук Петро Павлович,https://declarations.com.ua/declaration/nacp_2b72fedc-56c1-44eb-9b3b-d4d1553ddad2,16 393 386  
2017-03-30T00:00:00,Саврасов Максим Віталійович,https://declarations.com.ua/declaration/nacp_afaadf90-8646-4975-ab0f-0ba746f5828f,9 796 716  
2017-03-24T00:00:00,Савченко Надія Вікторівна,https://declarations.com.ua/declaration/nacp_7d2f537b-1d04-444a-8857-e48ad0602097,351 000  
2017-03-22T00:00:00,Савчук Юрій Петрович,https://declarations.com.ua/declaration/nacp_f758763d-33da-4e44-b052-51c3264c8f86,0
2017-04-04T00:00:00,Сажко Сергій Миколайович,https://declarations.com.ua/declaration/nacp_46279014-f1db-4483-abfb-8773e7fa590b,739 608  
2017-03-29T00:00:00,Святаш Дмитро Володимирович,https://declarations.com.ua/declaration/nacp_a141f4db-9ac1-4679-8f09-14a2819ef175,54 873 978  
2017-03-29T00:00:00,Севрюков Владислав Володимирович,https://declarations.com.ua/declaration/nacp_673401fd-c9ab-4495-88bd-b013360cfdfe,1 359 591  
2017-03-30T00:00:00,Семенуха Роман Сергійович,https://declarations.com.ua/declaration/nacp_5d69005b-a364-472f-8774-41d96cdae8e1,2 926 685  
2017-03-30T00:00:00,Семенченко Семен Ігорович,https://declarations.com.ua/declaration/nacp_d38b9d8c-2006-4c91-8835-2ecfa5401f2f,478 047  
2017-03-29T00:00:00,Семерак Остап Михайлович,https://declarations.com.ua/declaration/nacp_526a00b3-7223-4e57-affc-c25a4e82a3fe,1 452 024  
2017-03-18T00:00:00,Сеник Роман Віталійович,https://declarations.com.ua/declaration/nacp_757dbfb9-5da3-4e43-a8d7-2138287d928f,0
2017-03-29T00:00:00,Сидорович Руслан Михайлович,https://declarations.com.ua/declaration/nacp_07f618cf-95e1-41a5-ac20-48b2cb825e04,1 543 572  
2017-03-23T00:00:00,Сидорчук Вадим Васильович,https://declarations.com.ua/declaration/nacp_1eb00a5f-9309-41dc-886a-c2e7360c4d59,2 977 789  
2017-03-29T00:00:00,Силантьєв Денис Олегович,https://declarations.com.ua/declaration/nacp_122c412b-2889-473d-9dad-7f2753002658,7 245 186  
2017-03-16T00:00:00,Сироїд Оксана Іванівна,https://declarations.com.ua/declaration/nacp_f097c6c8-6ed1-4b0f-a231-0bc54e33d023,425 414  
2017-03-31T00:00:00,Сисоєнко Ірина Володимирівна,https://declarations.com.ua/declaration/nacp_daf95ca6-98b7-454c-81da-3362f755e8b8,0
2017-03-22T00:00:00,Сізова Поліна Ігорівна,https://declarations.com.ua/declaration/nacp_61ea0794-1b92-4d20-b79e-4fd9c154e16c,0
2017-03-25T00:00:00,Скарбовійчук Ірина Сергіївна,https://declarations.com.ua/declaration/nacp_f0f86d87-6824-44e3-a3ca-97e18e78d6c5,220 353  
2017-03-25T00:00:00,Скорик Микола Леонідович,https://declarations.com.ua/declaration/nacp_47df2e95-b29a-4e8c-b698-0303ce888ad4,2 473 168  
2017-03-29T00:00:00,Скрипник Олексій Олексійович,https://declarations.com.ua/declaration/nacp_8114203a-3eec-4067-9a30-7ad7dd1cf2e6,1 190 000  
2017-03-30T00:00:00,Скуратовський Сергій Іванович,https://declarations.com.ua/declaration/nacp_5de1d4a3-3fd9-4f83-94e3-a5ec7c15895e,69 096 101  
2017-03-29T00:00:00,Соболєв Єгор Вікторович,https://declarations.com.ua/declaration/nacp_890bd76e-e294-40b5-915c-ec04f444f015,43 680  
2017-02-27T00:00:00,Соболєв Сергій Владиславович,https://declarations.com.ua/declaration/nacp_d57c5b53-376d-431a-8082-2b3216d12f05,1 230 012  
2017-03-31T00:00:00,Солод Юрій Васильович,https://declarations.com.ua/declaration/nacp_409fad8f-0402-4b3f-bb01-53ff99091621,40 086 503  
2017-02-27T00:00:00,Сольвар Руслан Миколайович,https://declarations.com.ua/declaration/nacp_2e5b7993-dfba-42a1-aa5b-0516beaae019,0
2017-03-23T00:00:00,Соляр Володимир Миронович,https://declarations.com.ua/declaration/nacp_ea0b11af-d918-4111-b784-47385e21a05a,0
2017-04-04T00:00:00,Сотник Олена Сергіївна,https://declarations.com.ua/declaration/nacp_163d7f7a-15dd-4950-9f5d-84235f3ea782,8 349 533  
2017-03-30T00:00:00,Сочка Олександр Олександрович,https://declarations.com.ua/declaration/nacp_11b212da-eb86-4609-9901-4fba0217000e,580 683  
2017-03-28T00:00:00,Співаковський Олександр Володимирович,https://declarations.com.ua/declaration/nacp_e7ee0fba-4783-404d-87f9-1b745ff223c9,5 644 770  
2017-03-22T00:00:00,Спориш Іван Дмитрович,https://declarations.com.ua/declaration/nacp_9acc2a8f-11d3-4b66-b6fe-d3e052aa07a0,100 000  
2017-03-31T00:00:00,Сташук Віталій Филимонович,https://declarations.com.ua/declaration/nacp_1f72997b-4f2c-4949-8e52-8aba549e9b1d,1 754 302  
2017-03-28T00:00:00,Стеценко Дмитро Олександрович,https://declarations.com.ua/declaration/nacp_7db518c0-2960-47e7-b590-327df1281dc3,51 000  
2017-03-30T00:00:00,Сугоняко Олександр Леонідович,https://declarations.com.ua/declaration/nacp_aca882d3-2b6c-4327-9136-2512a979923c,513 879  
2017-03-31T00:00:00,Супруненко Олександр Іванович,https://declarations.com.ua/declaration/nacp_f73def74-5b9e-4f30-8daa-514d3e2e24c3,236 099 570  
2017-03-29T00:00:00,Суслова Ірина Миколаївна,https://declarations.com.ua/declaration/nacp_81e10b32-ec7a-4dd4-ad17-64cec3bace53,5 332 903  
2017-03-31T00:00:00,Сюмар Вікторія Петрівна,https://declarations.com.ua/declaration/nacp_4761e07c-ae84-450a-999b-4304846a8a92,6 448 486  
2017-04-07T00:00:00,Тарасюк Борис Іванович,https://declarations.com.ua/declaration/nacp_6a05ba17-f2a0-47b5-a7c0-754901304c6e,1 984 112  
2017-03-30T00:00:00,Тарута Сергій Олексійович,https://declarations.com.ua/declaration/nacp_2876a5ef-e48d-40f0-8fb2-296a0a9a4dc5,175 172 460  
2017-03-23T00:00:00,Тетерук Андрій Анатолійович,https://declarations.com.ua/declaration/nacp_781d9fdd-8f91-4505-a1c3-2e37ebc0d7cf,591 940  
2017-03-30T00:00:00,Тимошенко Юлія Володимирівна,https://declarations.com.ua/declaration/nacp_4ad68bc6-3049-467f-9891-024fefcf0464,17 843 672  
2017-03-23T00:00:00,Тимошенко Юрій Володимирович,https://declarations.com.ua/declaration/nacp_ddd54123-8a01-4cdb-b8ae-69aa32fe6528,0
2017-03-22T00:00:00,Тимчук Дмитро Борисович,https://declarations.com.ua/declaration/nacp_973dd5fc-4324-4cae-a2a9-44f0fac5963a,102 776  
2017-03-29T00:00:00,Тіміш Григорій Іванович,https://declarations.com.ua/declaration/nacp_7aff159b-db16-4fdc-bc0f-d83b34007d5b,707 371  
2017-03-31T00:00:00,Ткачук Геннадій Віталійович,https://declarations.com.ua/declaration/nacp_5a1c66b3-9fb8-42f0-b801-8c24056d582e,26 387 018  
2017-04-28T00:00:00,Томенко Микола Володимирович,https://declarations.com.ua/declaration/nacp_dc152270-f9dd-475e-9c4a-9d9c5a3e71d3,1 267 808  
2017-03-30T00:00:00,Третьяков Олександр Юрійович,https://declarations.com.ua/declaration/nacp_1ca5549e-8973-48ca-8baa-1e1c0516287d,204 324 383  
2017-03-31T00:00:00,Тригубенко Сергій Миколайович,https://declarations.com.ua/declaration/nacp_12815edc-fa6d-4a1e-83d3-6530cbc417fc,17 261 175  
2017-03-17T00:00:00,Тубелець Олеся Степанівна,https://declarations.com.ua/declaration/nacp_fb79594a-aeb7-4733-8d57-89f3e94417f2,204 026  
2017-03-31T00:00:00,Унгурян Павло Якимович,https://declarations.com.ua/declaration/nacp_cd8f5aa6-edc2-4bab-875a-3eef846665d3,7 231 086  
2017-03-28T00:00:00,Урбанський Олександр Ігорович,https://declarations.com.ua/declaration/nacp_f6571b03-10fc-4935-9da8-1a729b0e8cbf,23 817 255  
2017-03-30T00:00:00,Усов Костянтин Глібович,https://declarations.com.ua/declaration/nacp_5464390e-0d22-432e-81b4-baafc6304c07,3 395 220  
2017-03-29T00:00:00,Фаєрмарк Сергій Олександрович,https://declarations.com.ua/declaration/nacp_219a041b-20ca-4c4e-b9aa-6d164642a047,4 179 067  
2017-03-23T00:00:00,Федорук Микола Трохимович,https://declarations.com.ua/declaration/nacp_a13e32eb-0741-4e07-95aa-9eab1d353cb0,2 131 454  
2017-03-29T00:00:00,Фельдман Олександр Борисович,https://declarations.com.ua/declaration/nacp_7aa526af-fcd3-4eb5-af00-e12531902eb9,68 844 913  
2017-03-23T00:00:00,Фірсов Єгор Павлович,https://declarations.com.ua/declaration/nacp_6c8ab646-862e-4579-96c5-0d47b9b565a6,89 388  
2017-03-17T00:00:00,Фріз Ірина Василівна,https://declarations.com.ua/declaration/nacp_95dacf71-5cb7-4d9d-b7c9-52ecf4e672d0,5 490 690  
2017-03-21T00:00:00,Фролов Микола Олександрович,https://declarations.com.ua/declaration/nacp_feac0656-37e4-40e7-93dd-deb38f2c6f9e,939 397  
2017-03-23T00:00:00,Фурсін Іван Геннадійович,https://declarations.com.ua/declaration/nacp_86bf4285-d795-415e-a332-2ab46f3761dd,183 153 379  
2017-03-29T00:00:00,Хлань Сергій Володимирович,https://declarations.com.ua/declaration/nacp_80bc01cf-8f45-436f-b193-488ab90dc077,14 462 281  
2017-03-17T00:00:00,Хміль Михайло Михайлович,https://declarations.com.ua/declaration/nacp_a95f29c8-c1ad-4aef-89ed-af91d21f5cac,1 960 107  
2017-03-31T00:00:00,Хомутиннік Віталій Юрійович,https://declarations.com.ua/declaration/nacp_56c3e0c5-7594-4814-9b05-6014779ae2c5,516 797 548  
2017-03-28T00:00:00,Чекіта Геннадій Леонідович,https://declarations.com.ua/declaration/nacp_eab52e7b-836a-48bd-b631-9cfb1a29beb6,82 218 499  
2017-03-29T00:00:00,Чепинога Віталій Михайлович,https://declarations.com.ua/declaration/nacp_87b19c29-cc87-455d-a681-64bd732cfc4d,316 909  
2017-03-28T00:00:00,Червакова Ольга Валеріївна,https://declarations.com.ua/declaration/nacp_df5dd187-e1fa-424c-9346-df742da0825c,2 055 517  
2017-03-24T00:00:00,Черненко Олександр Миколайович,https://declarations.com.ua/declaration/nacp_3a725281-bdd3-4f05-8068-78051587c914,269 734  
2017-04-01T00:00:00,Чижмарь Юрій Васильович,https://declarations.com.ua/declaration/nacp_b1de9d8f-410c-4c16-8490-16e24e9da1db,48 541 637  
2017-04-05T00:00:00,Чорновол Тетяна Миколаївна,https://declarations.com.ua/declaration/nacp_eb055401-2753-4428-b087-1aee93127506,630 085  
2017-03-31T00:00:00,Чубаров Рефат Абдурахманович,https://declarations.com.ua/declaration/nacp_0aeda01d-c4db-4873-85c2-83bdc51c46da,227 147  
2017-03-03T00:00:00,Чумак Віктор Васильович,https://declarations.com.ua/declaration/nacp_cbec74fa-9452-4389-8a0d-fbfd024d960b,1 310 392  
2017-03-29T00:00:00,Шаповалов Юрій Анатолійович,https://declarations.com.ua/declaration/nacp_2363917f-65f4-4d3a-ba14-22562515d28d,47 549 123  
2017-03-23T00:00:00,Шахов Сергій Володимирович,https://declarations.com.ua/declaration/nacp_670278d9-308b-4108-a92b-4e209780bcee,0
2017-03-20T00:00:00,Шверк Григорій Аронович,https://declarations.com.ua/declaration/nacp_cecf502a-eb70-48de-89f9-0d06ce74e787,23 649 279  
2017-03-30T00:00:00,Шевченко Віктор Леонідович,https://declarations.com.ua/declaration/nacp_c7ca303d-7790-4dfb-a839-bf92c31c99c6,8 959 774  
2017-03-29T00:00:00,Шевченко Олександр Леонідович,https://declarations.com.ua/declaration/nacp_cfe035a7-89f6-402e-8695-e63bce7e9646,14 056 072  
2017-04-05T00:00:00,Шенцев Дмитро Олексійович,https://declarations.com.ua/declaration/nacp_ffd762ae-90af-4491-81d2-2de22ef8c37a,46 412 218  
2017-04-07T00:00:00,Шинькович Андрій Васильович,https://declarations.com.ua/declaration/nacp_a784310c-b722-486e-90a9-d2dd2c472776,6 264 542  
2017-03-30T00:00:00,Шипко Андрій Федорович,https://declarations.com.ua/declaration/nacp_6b303003-c533-4df1-8215-b52a0bc01edb,33 009 389  
2017-03-22T00:00:00,Шкварилюк Володимир Васильович,https://declarations.com.ua/declaration/nacp_f3cc9ac1-5d97-4e7f-8d15-6d37a5c2793a,5 801 432  
2017-04-05T00:00:00,Шкіря Ігор Миколайович,https://declarations.com.ua/declaration/nacp_6a830ea2-c135-4e11-aecd-435dd4ff12c4,35 614 724  
2017-03-31T00:00:00,Шкрум Альона Іванівна,https://declarations.com.ua/declaration/nacp_31efc4dd-08fb-4f7f-9369-a67b7fd90d97,3 701 708  
2017-03-24T00:00:00,Шпенов Дмитро Юрійович,https://declarations.com.ua/declaration/nacp_4744a43c-7acd-4f45-88a4-6070de4e698d,2 203 000  
2017-03-29T00:00:00,Шурма Ігор Михайлович,https://declarations.com.ua/declaration/nacp_8d04c8b9-0aaa-453c-8639-9d7a117ea7cb,8 813 974  
2017-04-07T00:00:00,Шуфрич Нестор Іванович,https://declarations.com.ua/declaration/nacp_df8c9d88-8956-461e-b5d7-d14500d16298,243 455 223  
2017-04-30T00:00:00,Шухевич Юрій-Богдан Романович,https://declarations.com.ua/declaration/nacp_c15f56a9-1633-490a-acba-735fb78dd302,0
2017-03-31T00:00:00,Южаніна Ніна Петрівна,https://declarations.com.ua/declaration/nacp_af973805-b863-4201-8372-15323fa530ac,9 572 200  
2017-03-29T00:00:00,Юзькова Тетяна Леонідівна,https://declarations.com.ua/declaration/nacp_fd137e2f-0611-4094-8248-415a2274712c,766 000  
2017-03-29T00:00:00,Юрик Тарас Зіновійович,https://declarations.com.ua/declaration/nacp_725283f1-c668-4f98-ad4a-635d1ae6a239,1 196 176  
2017-03-29T00:00:00,Юринець Оксана Василівна,https://declarations.com.ua/declaration/nacp_d6f85686-c66a-4981-b07a-50c2ff65f4a7,2 458 577  
2017-03-30T00:00:00,Юрчишин Петро Васильович,https://declarations.com.ua/declaration/nacp_dcbc7c4b-6c32-4814-81d2-1c7881ca2e0c,10 021 879  
2017-03-16T00:00:00,Яніцький Василь Петрович,https://declarations.com.ua/declaration/nacp_64f675de-f272-4c24-89e6-5ca43f903f6c,17 672 619  
2017-03-30T00:00:00,Яриніч Костянтин Володимирович,https://declarations.com.ua/declaration/nacp_25aa64b5-8809-486f-b8d9-50b41a1eeb6c,5 231 800  
2017-03-21T00:00:00,Ярош Дмитро Анатолійович,https://declarations.com.ua/declaration/nacp_1c6525de-353d-4344-9686-62bd9c800d59,0
2017-03-31T00:00:00,Яценко Антон Володимирович,https://declarations.com.ua/declaration/nacp_d1f00b15-c79c-4e17-a46e-f188704b25cb,5 547 254  
2017-03-29T00:00:00,Яцуба Оксана Ігорівна,https://declarations.com.ua/declaration/nacp_bbb16cd9-7068-4463-a5a4-1e2359e6ddac,9 408 176  
